epoch,time,train/box_loss,train/seg_loss,train/cls_loss,train/dfl_loss,metrics/precision(B),metrics/recall(B),metrics/mAP50(B),metrics/mAP50-95(B),metrics/precision(M),metrics/recall(M),metrics/mAP50(M),metrics/mAP50-95(M),val/box_loss,val/seg_loss,val/cls_loss,val/dfl_loss,lr/pg0,lr/pg1,lr/pg2
1,2.60292,0.94173,2.30459,4.91799,1.24443,0.01038,0.25158,0.02431,0.02124,0.01097,0.29316,0.02494,0.0205,0.80361,2.15207,4.6335,1.18028,1.39e-05,1.39e-05,1.39e-05
2,4.64572,0.75297,1.81839,4.52729,1.1202,0.03357,0.47808,0.08502,0.07397,0.0337,0.48061,0.08395,0.0681,0.58405,1.27457,3.54067,0.99208,3.02773e-05,3.02773e-05,3.02773e-05
3,6.83015,0.57649,1.10181,3.36246,0.98766,0.33264,0.28329,0.17471,0.15423,0.32712,0.27109,0.17188,0.13686,0.60746,1.34934,2.46873,0.97781,4.63243e-05,4.63243e-05,4.63243e-05
4,9.01725,0.53548,0.93031,2.30613,0.94882,0.5013,0.31263,0.25198,0.22623,0.50258,0.31047,0.25316,0.20731,0.53198,1.06021,2.7988,0.93399,6.2041e-05,6.2041e-05,6.2041e-05
5,11.1849,0.4979,0.86883,1.78279,0.93515,0.59659,0.32508,0.32441,0.29553,0.59659,0.32508,0.32389,0.26928,0.45612,0.86013,2.61065,0.88337,7.74274e-05,7.74274e-05,7.74274e-05
6,13.3587,0.49403,0.81839,1.47795,0.92309,0.46305,0.39776,0.41426,0.37669,0.46305,0.39776,0.41366,0.34955,0.4586,0.87226,2.17024,0.87694,9.24837e-05,9.24837e-05,9.24837e-05
7,15.5167,0.47426,0.73092,1.23971,0.90696,0.42419,0.56126,0.46416,0.42721,0.42329,0.55761,0.46379,0.38601,0.4326,0.85352,1.78499,0.87388,0.00010721,0.00010721,0.00010721
8,17.6866,0.45496,0.71039,1.04782,0.89071,0.70016,0.47256,0.53257,0.48072,0.69831,0.47106,0.53118,0.44971,0.45381,0.86776,1.29546,0.87553,0.000121605,0.000121605,0.000121605
9,19.8728,0.44374,0.65169,0.95535,0.88087,0.68376,0.5513,0.60932,0.55393,0.68245,0.5498,0.60798,0.50819,0.44629,0.89175,1.11022,0.87499,0.000135671,0.000135671,0.000135671
10,22.0484,0.43017,0.63351,0.81649,0.8825,0.71708,0.64225,0.67924,0.62667,0.71708,0.64225,0.67888,0.58245,0.43241,0.83037,0.90823,0.86984,0.000149406,0.000149406,0.000149406
11,24.2158,0.42333,0.6244,0.78136,0.88347,0.84695,0.58671,0.73909,0.68328,0.84984,0.58954,0.74024,0.63667,0.41059,0.71281,0.76409,0.85909,0.000162811,0.000162811,0.000162811
12,26.3965,0.43366,0.6065,0.69801,0.86594,0.83587,0.63573,0.77354,0.7259,0.83867,0.63915,0.77537,0.67433,0.39827,0.82197,0.69785,0.85524,0.000175885,0.000175885,0.000175885
13,28.586,0.40584,0.59927,0.62352,0.86604,0.80165,0.68397,0.80773,0.74479,0.80432,0.68568,0.81133,0.70226,0.39532,0.76458,0.6533,0.85326,0.00018863,0.00018863,0.00018863
14,30.7731,0.4116,0.5738,0.59901,0.86892,0.82587,0.71997,0.82504,0.76787,0.82901,0.7234,0.82569,0.72635,0.41935,0.73009,0.60458,0.86021,0.000201044,0.000201044,0.000201044
15,32.9265,0.42203,0.57664,0.59899,0.87231,0.85026,0.75792,0.83834,0.78153,0.85717,0.75543,0.83568,0.74019,0.40578,0.69882,0.59059,0.85936,0.000213128,0.000213128,0.000213128
16,35.119,0.4128,0.58591,0.59136,0.87277,0.86682,0.7927,0.84058,0.78278,0.86089,0.78038,0.82906,0.72755,0.42385,0.7591,0.57727,0.86789,0.000224881,0.000224881,0.000224881
17,37.1783,0.41159,0.58005,0.55242,0.86559,0.90395,0.75643,0.83861,0.78112,0.90811,0.75002,0.82808,0.73103,0.41483,0.70641,0.57423,0.86346,0.000233965,0.000233965,0.000233965
18,39.2761,0.39878,0.55985,0.54142,0.86978,0.83876,0.74144,0.84269,0.79228,0.83685,0.73951,0.83787,0.73004,0.39409,0.67317,0.58854,0.85815,0.000231213,0.000231213,0.000231213
19,41.4223,0.40396,0.56591,0.5353,0.86564,0.76035,0.78232,0.83422,0.78237,0.75622,0.78353,0.83437,0.73685,0.40174,0.66785,0.59886,0.86073,0.00022846,0.00022846,0.00022846
20,43.5213,0.41412,0.56235,0.50372,0.86701,0.88512,0.75653,0.83914,0.78433,0.87847,0.74738,0.84044,0.72491,0.39853,0.70035,0.53327,0.85013,0.000225708,0.000225708,0.000225708
21,45.5778,0.3832,0.51713,0.49533,0.86228,0.76355,0.83892,0.85364,0.78357,0.75396,0.82493,0.85175,0.73146,0.4082,0.7239,0.52493,0.8602,0.000222956,0.000222956,0.000222956
22,47.6654,0.38853,0.53685,0.46475,0.85402,0.8308,0.79915,0.85709,0.78627,0.8237,0.78883,0.85068,0.74685,0.40746,0.66777,0.53591,0.86766,0.000220204,0.000220204,0.000220204
23,49.8153,0.39639,0.54706,0.49754,0.8525,0.79308,0.84929,0.86466,0.79525,0.78523,0.83591,0.85929,0.75094,0.42294,0.69632,0.53171,0.87054,0.000217452,0.000217452,0.000217452
24,51.9897,0.3837,0.51375,0.46341,0.85607,0.79812,0.8531,0.86124,0.78998,0.78339,0.85098,0.85355,0.74181,0.40387,0.72063,0.52249,0.85557,0.000214699,0.000214699,0.000214699
25,54.057,0.38288,0.49199,0.44732,0.85672,0.77005,0.85205,0.86003,0.79176,0.75851,0.83929,0.8499,0.73979,0.38314,0.67378,0.52062,0.84921,0.000211947,0.000211947,0.000211947
26,56.1578,0.38186,0.51284,0.43737,0.85832,0.804,0.85811,0.87858,0.81331,0.80049,0.85448,0.87868,0.7718,0.41448,0.7079,0.54882,0.8578,0.000209195,0.000209195,0.000209195
27,58.3038,0.3807,0.50204,0.4368,0.85427,0.79183,0.83462,0.87557,0.81196,0.79292,0.83589,0.87477,0.76394,0.3917,0.71935,0.53751,0.852,0.000206443,0.000206443,0.000206443
28,60.39,0.36457,0.4796,0.41376,0.85158,0.8244,0.83163,0.87954,0.82818,0.82522,0.83206,0.8874,0.77815,0.37378,0.68961,0.52171,0.84157,0.000203691,0.000203691,0.000203691
29,62.5591,0.37327,0.49345,0.42512,0.8594,0.85533,0.79806,0.87714,0.82085,0.85884,0.80003,0.88658,0.77765,0.37483,0.68555,0.52206,0.84292,0.000200938,0.000200938,0.000200938
30,64.6757,0.37306,0.49326,0.41455,0.85235,0.85471,0.83162,0.89095,0.83942,0.85927,0.83553,0.90013,0.78671,0.38201,0.67215,0.48564,0.84456,0.000198186,0.000198186,0.000198186
31,66.843,0.36468,0.47909,0.40506,0.84869,0.88999,0.83115,0.89905,0.84457,0.88667,0.82793,0.90445,0.79613,0.39156,0.68247,0.48556,0.84643,0.000195434,0.000195434,0.000195434
32,69.0492,0.35293,0.45994,0.39628,0.84861,0.83958,0.86056,0.89391,0.84077,0.83668,0.85734,0.89879,0.79135,0.3743,0.66404,0.47308,0.84126,0.000192682,0.000192682,0.000192682
33,71.1351,0.34273,0.46215,0.38827,0.83455,0.90655,0.80154,0.89206,0.83773,0.90493,0.80004,0.89779,0.78814,0.38734,0.63706,0.4828,0.84513,0.00018993,0.00018993,0.00018993
34,73.2488,0.33975,0.44951,0.38122,0.83926,0.9013,0.80158,0.87314,0.82095,0.89882,0.7987,0.87889,0.76856,0.36798,0.63053,0.47786,0.83973,0.000187177,0.000187177,0.000187177
35,75.3396,0.35633,0.47535,0.36917,0.84322,0.8991,0.81961,0.89364,0.83964,0.89137,0.82461,0.89697,0.78305,0.37476,0.64727,0.47241,0.83957,0.000184425,0.000184425,0.000184425
36,77.5027,0.3503,0.46197,0.3715,0.83911,0.87168,0.85295,0.89918,0.84662,0.87485,0.85531,0.899,0.78789,0.37827,0.67267,0.47918,0.8445,0.000181673,0.000181673,0.000181673
37,79.5872,0.35083,0.43563,0.35951,0.84153,0.90686,0.8226,0.90278,0.85281,0.91153,0.82646,0.90453,0.79575,0.37225,0.65173,0.47995,0.84478,0.000178921,0.000178921,0.000178921
38,81.7592,0.34837,0.4529,0.37241,0.84455,0.86069,0.82204,0.90194,0.85622,0.86543,0.82543,0.90313,0.79522,0.36159,0.63529,0.47979,0.84017,0.000176169,0.000176169,0.000176169
39,83.8593,0.33115,0.44548,0.35847,0.83725,0.84157,0.85662,0.91064,0.8606,0.84623,0.85985,0.9122,0.7991,0.3552,0.61524,0.48624,0.83697,0.000173416,0.000173416,0.000173416
40,86.0411,0.34257,0.45032,0.36303,0.83795,0.86628,0.84615,0.90525,0.85131,0.86819,0.8375,0.9001,0.80188,0.36361,0.61458,0.4851,0.83906,0.000170664,0.000170664,0.000170664
41,88.1109,0.34402,0.44554,0.36201,0.83491,0.87522,0.85075,0.90419,0.85235,0.87944,0.85386,0.91298,0.80461,0.35922,0.60572,0.47895,0.83862,0.000167912,0.000167912,0.000167912
42,90.2445,0.33608,0.44521,0.3516,0.83484,0.88446,0.808,0.88723,0.83061,0.87843,0.79912,0.88648,0.78214,0.37231,0.62255,0.48003,0.84625,0.00016516,0.00016516,0.00016516
43,92.3413,0.33742,0.43357,0.33593,0.84326,0.83199,0.83528,0.88198,0.823,0.8358,0.83848,0.89263,0.78138,0.39986,0.64421,0.49551,0.85349,0.000162408,0.000162408,0.000162408
44,94.42,0.33114,0.43417,0.35582,0.84085,0.82843,0.82473,0.89991,0.84679,0.83244,0.82965,0.91026,0.80806,0.37257,0.58501,0.49199,0.85427,0.000159655,0.000159655,0.000159655
45,96.4652,0.32821,0.44142,0.33776,0.83582,0.81976,0.83174,0.87544,0.82107,0.80556,0.86609,0.88653,0.77992,0.372,0.58067,0.47466,0.85188,0.000156903,0.000156903,0.000156903
46,98.5665,0.32377,0.42758,0.33677,0.83985,0.81422,0.85322,0.88416,0.82609,0.82007,0.86949,0.89324,0.78233,0.38981,0.59676,0.46435,0.8588,0.000154151,0.000154151,0.000154151
47,100.628,0.32899,0.43297,0.33776,0.8356,0.816,0.85664,0.8839,0.82856,0.82925,0.87284,0.8937,0.78646,0.38544,0.59849,0.4646,0.85838,0.000151399,0.000151399,0.000151399
48,102.739,0.32868,0.41314,0.35042,0.8433,0.82967,0.83768,0.88682,0.83194,0.80919,0.89154,0.89695,0.78371,0.37493,0.6313,0.45857,0.85484,0.000148647,0.000148647,0.000148647
49,104.796,0.30845,0.39074,0.31443,0.82784,0.787,0.89725,0.88962,0.82839,0.79649,0.91217,0.89843,0.78783,0.3772,0.6368,0.47053,0.85424,0.000145894,0.000145894,0.000145894
50,106.904,0.30423,0.40953,0.32656,0.83682,0.8079,0.85818,0.88689,0.83411,0.80943,0.88125,0.89674,0.79263,0.35721,0.62901,0.48862,0.84176,0.000143142,0.000143142,0.000143142
51,108.978,0.33294,0.44735,0.32838,0.83084,0.80937,0.88452,0.88438,0.83293,0.81809,0.89849,0.89405,0.78299,0.36038,0.64096,0.48014,0.84091,0.00014039,0.00014039,0.00014039
52,111.07,0.32428,0.41783,0.32084,0.83832,0.87771,0.84589,0.90816,0.8493,0.88156,0.84932,0.91393,0.79323,0.38186,0.69521,0.47206,0.84721,0.000137638,0.000137638,0.000137638
53,113.14,0.31902,0.43896,0.32683,0.837,0.87691,0.84139,0.90543,0.85299,0.88079,0.84482,0.91186,0.80125,0.36723,0.65057,0.46795,0.84664,0.000134886,0.000134886,0.000134886
54,115.245,0.31787,0.41702,0.3248,0.83326,0.88233,0.82932,0.90322,0.85198,0.88674,0.83213,0.91095,0.80758,0.36249,0.59916,0.46313,0.84841,0.000132133,0.000132133,0.000132133
55,117.358,0.3212,0.42564,0.32763,0.82938,0.84858,0.86263,0.90577,0.85306,0.85499,0.86109,0.91321,0.80618,0.37428,0.59642,0.46277,0.84947,0.000129381,0.000129381,0.000129381
56,119.488,0.30705,0.39642,0.31064,0.83008,0.86597,0.85886,0.8969,0.85266,0.87117,0.87182,0.90858,0.79683,0.36309,0.59448,0.43772,0.85194,0.000126629,0.000126629,0.000126629
57,121.589,0.30906,0.41125,0.30951,0.82907,0.87998,0.86119,0.88005,0.83739,0.88547,0.86976,0.89211,0.78694,0.34738,0.58256,0.42924,0.85001,0.000123877,0.000123877,0.000123877
58,123.719,0.31634,0.4056,0.3169,0.83399,0.90817,0.85398,0.88915,0.84521,0.90537,0.87083,0.90179,0.79625,0.36603,0.59535,0.42575,0.85999,0.000121125,0.000121125,0.000121125
59,125.806,0.30051,0.38874,0.31298,0.83619,0.90771,0.85909,0.89162,0.84664,0.90939,0.87273,0.9043,0.79583,0.36861,0.59077,0.4276,0.85596,0.000118372,0.000118372,0.000118372
60,127.937,0.29668,0.37422,0.30239,0.83648,0.90575,0.85138,0.88298,0.84059,0.90019,0.86136,0.89321,0.78348,0.35138,0.5886,0.43037,0.85299,0.00011562,0.00011562,0.00011562
61,130.016,0.29966,0.38122,0.29589,0.82958,0.90279,0.84316,0.87896,0.84042,0.89272,0.85654,0.8866,0.78582,0.35239,0.58682,0.43586,0.85889,0.000112868,0.000112868,0.000112868
62,132.141,0.30017,0.40519,0.31328,0.8345,0.90372,0.82911,0.89363,0.85681,0.88468,0.85181,0.9022,0.80281,0.35337,0.5716,0.44378,0.85675,0.000110116,0.000110116,0.000110116
63,134.269,0.31262,0.43756,0.30283,0.82648,0.88142,0.84729,0.87644,0.83673,0.88578,0.85144,0.88475,0.78149,0.35443,0.58382,0.43502,0.85656,0.000107364,0.000107364,0.000107364
64,136.385,0.29336,0.37578,0.29958,0.83228,0.89317,0.86226,0.88842,0.8481,0.89525,0.86847,0.90049,0.79013,0.34993,0.61197,0.40736,0.84799,0.000104611,0.000104611,0.000104611
65,138.541,0.30041,0.37176,0.29911,0.83642,0.91523,0.86158,0.89978,0.85593,0.9163,0.86844,0.91184,0.7979,0.34659,0.6097,0.39225,0.8525,0.000101859,0.000101859,0.000101859
66,140.681,0.28255,0.36201,0.28477,0.82674,0.89337,0.87132,0.90035,0.85321,0.90002,0.87628,0.91194,0.79998,0.34117,0.59904,0.39374,0.84213,9.9107e-05,9.9107e-05,9.9107e-05
67,142.765,0.29287,0.39796,0.29263,0.82629,0.89607,0.86585,0.8899,0.84624,0.90184,0.87135,0.90113,0.79213,0.34836,0.60132,0.40061,0.83994,9.63548e-05,9.63548e-05,9.63548e-05
68,144.881,0.30093,0.39147,0.29686,0.8326,0.88789,0.86442,0.90745,0.86119,0.89327,0.86894,0.91751,0.80862,0.34941,0.58617,0.40587,0.84076,9.36026e-05,9.36026e-05,9.36026e-05
69,147.089,0.28807,0.396,0.28962,0.82466,0.89912,0.86163,0.90655,0.86547,0.90376,0.86549,0.91644,0.81329,0.33651,0.5763,0.39988,0.8369,9.08504e-05,9.08504e-05,9.08504e-05
70,149.276,0.28508,0.35569,0.28127,0.82638,0.90331,0.86092,0.90748,0.86864,0.90733,0.86434,0.91692,0.81759,0.33173,0.5639,0.40137,0.83185,8.80982e-05,8.80982e-05,8.80982e-05
71,151.508,0.29592,0.38428,0.28719,0.82554,0.90708,0.86104,0.90803,0.868,0.91175,0.8649,0.91815,0.81906,0.33227,0.56223,0.40015,0.83126,8.5346e-05,8.5346e-05,8.5346e-05
72,153.746,0.28201,0.35608,0.27775,0.82725,0.90538,0.86633,0.91313,0.86786,0.908,0.86827,0.9231,0.81963,0.33926,0.54752,0.39156,0.83432,8.25938e-05,8.25938e-05,8.25938e-05
73,155.876,0.2781,0.35895,0.27902,0.82718,0.90473,0.86944,0.91387,0.86682,0.90755,0.87155,0.92302,0.82538,0.33391,0.54651,0.39049,0.83267,7.98416e-05,7.98416e-05,7.98416e-05
74,158.138,0.28589,0.36871,0.28473,0.82664,0.87894,0.86497,0.91108,0.86439,0.88278,0.8684,0.91961,0.81896,0.33207,0.56498,0.38317,0.83117,7.70894e-05,7.70894e-05,7.70894e-05
75,160.269,0.29098,0.36602,0.2848,0.82735,0.87185,0.86691,0.9119,0.86785,0.87554,0.87034,0.92028,0.82022,0.33433,0.57326,0.38061,0.83234,7.43372e-05,7.43372e-05,7.43372e-05
76,162.405,0.27092,0.35469,0.26733,0.83277,0.87206,0.86619,0.91278,0.86629,0.87564,0.86962,0.92134,0.8178,0.33978,0.56777,0.38924,0.83601,7.1585e-05,7.1585e-05,7.1585e-05
77,164.501,0.27792,0.3581,0.28123,0.82897,0.87084,0.86128,0.91295,0.86674,0.87481,0.86495,0.92116,0.81863,0.33474,0.56441,0.39119,0.83464,6.88328e-05,6.88328e-05,6.88328e-05
78,166.658,0.27721,0.37444,0.2799,0.82084,0.86052,0.86778,0.90958,0.86495,0.8654,0.87274,0.91925,0.82026,0.33162,0.56133,0.38717,0.83377,6.60806e-05,6.60806e-05,6.60806e-05
79,168.74,0.25938,0.33911,0.2672,0.81931,0.85426,0.87095,0.90714,0.86348,0.86016,0.87729,0.9171,0.81922,0.33043,0.56279,0.38804,0.83221,6.33284e-05,6.33284e-05,6.33284e-05
80,170.913,0.28078,0.37627,0.27278,0.82501,0.86057,0.87119,0.9078,0.86454,0.86704,0.87808,0.91532,0.8192,0.33345,0.5584,0.39127,0.83341,6.05762e-05,6.05762e-05,6.05762e-05
81,173.047,0.28335,0.35755,0.27987,0.82488,0.86638,0.87137,0.90603,0.86434,0.87265,0.87799,0.9144,0.81801,0.3305,0.553,0.39372,0.83309,5.7824e-05,5.7824e-05,5.7824e-05
82,175.203,0.26623,0.35176,0.25653,0.81888,0.88821,0.85689,0.907,0.86228,0.89277,0.86101,0.91549,0.81993,0.32327,0.54889,0.39522,0.83248,5.50718e-05,5.50718e-05,5.50718e-05
83,177.345,0.27396,0.36245,0.2676,0.82307,0.90208,0.8495,0.90506,0.86564,0.90595,0.85292,0.91551,0.82145,0.32217,0.54754,0.39691,0.83221,5.23196e-05,5.23196e-05,5.23196e-05
84,179.531,0.27138,0.35698,0.27201,0.81949,0.9165,0.84616,0.90553,0.86481,0.92035,0.84959,0.91639,0.82474,0.32586,0.54317,0.38672,0.83412,4.95674e-05,4.95674e-05,4.95674e-05
85,181.669,0.26568,0.34587,0.26052,0.82942,0.91292,0.85094,0.90598,0.86514,0.91668,0.85437,0.91647,0.82679,0.32631,0.542,0.38731,0.83423,4.68152e-05,4.68152e-05,4.68152e-05
86,183.831,0.2747,0.35954,0.26261,0.82197,0.9032,0.85182,0.91052,0.86927,0.90679,0.85525,0.9217,0.82749,0.32358,0.55067,0.38672,0.83297,4.4063e-05,4.4063e-05,4.4063e-05
87,186.056,0.265,0.35328,0.26793,0.81708,0.8992,0.85307,0.91014,0.86776,0.90277,0.85649,0.92155,0.8228,0.32387,0.55464,0.38589,0.83376,4.13108e-05,4.13108e-05,4.13108e-05
88,188.228,0.25695,0.361,0.25315,0.81601,0.89489,0.85362,0.91038,0.87131,0.89834,0.85704,0.92256,0.82707,0.31845,0.55246,0.38492,0.83358,3.85586e-05,3.85586e-05,3.85586e-05
89,190.408,0.25595,0.34097,0.25168,0.82032,0.89469,0.85194,0.90595,0.86733,0.8981,0.85537,0.91831,0.82291,0.31538,0.55559,0.38106,0.83319,3.58064e-05,3.58064e-05,3.58064e-05
90,192.55,0.25394,0.32975,0.26116,0.82034,0.89171,0.85373,0.90456,0.86621,0.89514,0.85716,0.91663,0.82172,0.31346,0.56189,0.38077,0.83279,3.30542e-05,3.30542e-05,3.30542e-05
91,195.108,0.2346,0.32397,0.22911,0.79701,0.89114,0.85652,0.90374,0.86676,0.89452,0.85995,0.91569,0.82001,0.31411,0.5678,0.37861,0.83294,3.0302e-05,3.0302e-05,3.0302e-05
92,197.183,0.23072,0.32596,0.22778,0.80342,0.88944,0.85971,0.90111,0.85905,0.8987,0.86905,0.91574,0.8201,0.31694,0.57421,0.37943,0.83444,2.75498e-05,2.75498e-05,2.75498e-05
93,199.24,0.21678,0.30816,0.21473,0.79343,0.89025,0.86,0.90039,0.861,0.89965,0.86948,0.9148,0.81587,0.31754,0.57801,0.38014,0.83502,2.47976e-05,2.47976e-05,2.47976e-05
94,201.309,0.23031,0.32184,0.22504,0.79748,0.89676,0.86036,0.89917,0.86389,0.90643,0.86993,0.91417,0.81987,0.32052,0.5766,0.38247,0.83723,2.20454e-05,2.20454e-05,2.20454e-05
95,203.297,0.20898,0.28745,0.20699,0.80445,0.89797,0.85947,0.8999,0.86268,0.9074,0.86876,0.91491,0.8218,0.32194,0.57738,0.38362,0.83783,1.92932e-05,1.92932e-05,1.92932e-05
96,205.353,0.20723,0.28983,0.2058,0.79662,0.89158,0.86274,0.89774,0.86213,0.90034,0.87132,0.91219,0.81792,0.323,0.58095,0.38078,0.83865,1.6541e-05,1.6541e-05,1.6541e-05
97,207.389,0.21601,0.29878,0.20912,0.79565,0.89191,0.86368,0.89793,0.86156,0.90072,0.8723,0.91237,0.81778,0.32217,0.58224,0.37891,0.83859,1.37888e-05,1.37888e-05,1.37888e-05
98,209.481,0.2158,0.29303,0.20601,0.79398,0.88901,0.85927,0.89689,0.86245,0.89763,0.86771,0.91122,0.81502,0.32301,0.58433,0.38105,0.83968,1.10366e-05,1.10366e-05,1.10366e-05
99,211.48,0.22063,0.29192,0.20962,0.7967,0.89184,0.86342,0.88079,0.84584,0.90043,0.87184,0.89514,0.79809,0.32282,0.58366,0.38228,0.83961,8.2844e-06,8.2844e-06,8.2844e-06
100,213.51,0.2062,0.29752,0.19988,0.79272,0.88525,0.86115,0.87972,0.84527,0.89378,0.86984,0.89409,0.79564,0.32391,0.58732,0.38363,0.84114,5.5322e-06,5.5322e-06,5.5322e-06
